"ID","MSP_DENS","MSP_MINS","MSP_N"
"study_001",3.33815551537071,276.5,923
"study_002",3.43418467583497,254.5,874
